{
  "trained_at": "2026-07-12T13:02:42.000571+00:00",
  "selected_model": "indobert",
  "feature_recipe": "indobert",
  "features": [
    "IndoBERT embeddings (768-dim, mean-pooled)"
  ],
  "n_labeled": 99,
  "n_test": 31,
  "candidates": {
    "tfidf_patterns": {
      "cv_f1_mean": 0.9007022458106051,
      "cv_f1_std": 0.07799209706897886,
      "cv_auc_mean": 0.9643703703703702,
      "cv_acc_mean": 0.9122807017543858,
      "cv_acc_std": 0.0655445734211107,
      "uses_bert": false,
      "n_pattern_features": 6
    },
    "indobert": {
      "cv_f1_mean": 0.9112428129146397,
      "cv_f1_std": 0.04864038603650297,
      "cv_auc_mean": 0.9735555555555556,
      "cv_acc_mean": 0.9159649122807015,
      "cv_acc_std": 0.04417570335608967,
      "uses_bert": true,
      "n_pattern_features": 0
    },
    "indobert_patterns": {
      "cv_f1_mean": 0.9144007076514817,
      "cv_f1_std": 0.04934057258164727,
      "cv_auc_mean": 0.9734074074074075,
      "cv_acc_mean": 0.919298245614035,
      "cv_acc_std": 0.04472824134730512,
      "uses_bert": true,
      "n_pattern_features": 6
    }
  },
  "final_metrics": {
    "accuracy": 0.8709677419354839,
    "precision": 0.9285714285714286,
    "recall": 0.8125,
    "f1": 0.8666666666666667,
    "support": 31,
    "roc_auc": 0.9875
  },
  "cv_accuracy_mean": 0.9159649122807015,
  "cv_accuracy_std": 0.04417570335608967,
  "confusion_matrix": [
    [
      14,
      1
    ],
    [
      3,
      13
    ]
  ],
  "confusion_labels": [
    "Original",
    "Fake"
  ],
  "honest_note": "Model dipilih via RepeatedStratifiedKFold (5x3 = 75 fold) berdasarkan F1 rata-rata, dengan aturan parsimoni: bila beberapa kandidat setara dalam 1 standar deviasi, dipilih yang paling sederhana dan bebas kebocoran fitur. Recipe 'indobert' terpilih. Dengan hanya 99 data berlabel (uji 31 review), metrik holdout bervariasi; gunakan skor CV sebagai estimasi utama. Data latih didominasi review akun digital/Netflix, sehingga review domain lain bisa kurang akurat."
}